title,company,location,how_old,link
Programador Python,Innolevels,Rio de Janeiro - RJ,Publicado em 06/02/2024,https://vagas.empregos.com.br/vaga/9221374/programador-python-em-rio-de-janeiro-rj
Programador Python e PHP,Work Advantage gente e gestão,Florianópolis - SC,Publicado em 14/03/2024,https://vagas.empregos.com.br/vaga/9321047/programador-python-e-php-em-florianopolis-sc
Programador Python Senior,Persona Assessoria Empresarial Ltda,Florianópolis - SC,Publicado em 13/03/2024,https://vagas.empregos.com.br/vaga/9317101/programador-python-senior-em-florianopolis-sc
Programador Python,Innolevels,Rio de Janeiro - RJ,Publicado em 13/12/2023,https://vagas.empregos.com.br/vaga/9111608/programador-python-em-rio-de-janeiro-rj
Programador Python (Automação),Innolevels,Rio de Janeiro - RJ,Publicado em 03/01/2024,https://vagas.empregos.com.br/vaga/9136245/programador-python-automacao-em-rio-de-janeiro-rj
Desenvolvedor Python,Crja,Rio de Janeiro - RJ,Publicado em 11/03/2024,https://vagas.empregos.com.br/vaga/9184372/desenvolvedor-python-em-rio-de-janeiro-rj
Desenvolvedor Python,Cavok Aviação,Pinhais - PR,Publicado em 29/02/2024,https://vagas.empregos.com.br/vaga/8990229/desenvolvedor-python-em-pinhais-pr
Desenvolvedor Python,Capitani Group,São Paulo - SP,Publicado em 26/02/2024,https://vagas.empregos.com.br/vaga/9275223/desenvolvedor-python-em-sao-paulo-sp
Desenvolvedor Python,Memora,Brasília - DF,Publicado em 21/02/2024,https://vagas.empregos.com.br/vaga/9260421/desenvolvedor-python-em-brasilia-df
Desenvolvedor Python - Santri Tecnologia,Santri Sistemas,Brasília - DF,Publicado em 13/03/2024,https://vagas.empregos.com.br/vaga/9320025/desenvolvedor-python-santri-tecnologia-em-brasilia-df
Desenvolvedor Python Júnior,Confidencial,Florianópolis - SC,Publicado em 12/03/2024,https://vagas.empregos.com.br/vaga/9315495/desenvolvedor-python-junior-em-florianopolis-sc
Desenvolvedor Backend Sênior (Python),Verx Consulting,São Paulo - SP,Publicado em 02/03/2024,https://vagas.empregos.com.br/vaga/9289853/desenvolvedor-backend-senior-python-em-sao-paulo-sp
Desenvolvedor Python Junior,Memora,Brasília - DF,Publicado em 21/02/2024,https://vagas.empregos.com.br/vaga/9260419/desenvolvedor-python-junior-em-brasilia-df
Desenvolvedor Back-end Python Sênior,Confidencial,Uberlândia - MG,Publicado em 11/03/2024,https://vagas.empregos.com.br/vaga/9311740/desenvolvedor-back-end-python-senior-em-uberlandia-mg
Desenvolvedor Python Sênior,It2you Consultoria em Ti,São Paulo - SP,Publicado em 18/01/2024,https://vagas.empregos.com.br/vaga/9177992/desenvolvedor-python-senior-em-sao-paulo-sp
Desenvolvedor Back End Python/React - Remoto,Sankhya Gestão de Negócios,Uberlândia - MG,Publicado em 23/03/2024,https://vagas.empregos.com.br/vaga/9346939/desenvolvedor-back-end-python-react-remoto-em-uberlandia-mg
Desenvolvedor back end Python NodeJs Pleno,Iventis Tecnologia,Barueri - SP,Publicado em 13/03/2024,https://vagas.empregos.com.br/vaga/9317841/desenvolvedor-back-end-python-nodejs-pleno-em-barueri-sp
Desenvolvedor back end Python NodeJs Junior,Iventis Tecnologia,Barueri - SP,Publicado em 11/03/2024,https://vagas.empregos.com.br/vaga/9310426/desenvolvedor-back-end-python-nodejs-junior-em-barueri-sp
Desenvolvedor Python (Automação),Innolevels,Rio de Janeiro - RJ,Publicado em 20/12/2023,https://vagas.empregos.com.br/vaga/9124321/desenvolvedor-python-automacao-em-rio-de-janeiro-rj
Desenvolvedor back end Python NodeJs Sênior,Iventis Tecnologia,Barueri - SP,Publicado em 06/03/2024,https://vagas.empregos.com.br/vaga/9296777/desenvolvedor-back-end-python-nodejs-senior-em-barueri-sp
